{
  "confusion_matrix": {
    "tn": 27998,
    "fp": 6585,
    "fn": 10736,
    "tp": 23006
  },
  "performance": {
    "accuracy": 0.7465,
    "precision": 0.7775,
    "recall": 0.6818,
    "f1_score": 0.7265,
    "roc_auc": 0.819
  },
  "feature_importance": {
    "age": 0.14839138451535705,
    "ap_hi": 0.5837435778803965,
    "ap_lo": 0.04777877431886818,
    "BMI": 0.057327442134770756,
    "cholesterol": 0.11223676478489908,
    "gluc": 0.017718579077892736,
    "smoke": 0.008865791587230862,
    "alco": 0.006267933279104407,
    "active": 0.01766975242148043,
    "gender": 0.0
  },
  "correlation_matrix": [
    [
      1.0,
      0.21,
      0.16,
      0.11,
      0.15,
      0.1,
      -0.05,
      -0.03,
      -0.01,
      -0.02
    ],
    [
      0.21,
      1.0,
      0.73,
      0.27,
      0.2,
      0.09,
      0.03,
      0.04,
      -0.0,
      0.06
    ],
    [
      0.16,
      0.73,
      1.0,
      0.24,
      0.16,
      0.07,
      0.02,
      0.04,
      -0.0,
      0.07
    ],
    [
      0.11,
      0.27,
      0.24,
      1.0,
      0.17,
      0.12,
      -0.03,
      0.02,
      -0.01,
      -0.11
    ],
    [
      0.15,
      0.2,
      0.16,
      0.17,
      1.0,
      0.45,
      0.01,
      0.04,
      0.01,
      -0.04
    ],
    [
      0.1,
      0.09,
      0.07,
      0.12,
      0.45,
      1.0,
      -0.01,
      0.01,
      -0.01,
      -0.02
    ],
    [
      -0.05,
      0.03,
      0.02,
      -0.03,
      0.01,
      -0.01,
      1.0,
      0.34,
      0.03,
      0.34
    ],
    [
      -0.03,
      0.04,
      0.04,
      0.02,
      0.04,
      0.01,
      0.34,
      1.0,
      0.02,
      0.17
    ],
    [
      -0.01,
      -0.0,
      -0.0,
      -0.01,
      0.01,
      -0.01,
      0.03,
      0.02,
      1.0,
      0.01
    ],
    [
      -0.02,
      0.06,
      0.07,
      -0.11,
      -0.04,
      -0.02,
      0.34,
      0.17,
      0.01,
      1.0
    ]
  ],
  "features": [
    "age",
    "ap_hi",
    "ap_lo",
    "BMI",
    "cholesterol",
    "gluc",
    "smoke",
    "alco",
    "active",
    "gender"
  ],
  "model_comparison": [
    {
      "model": "Random Forest",
      "accuracy": 0.7369,
      "roc_auc": 0.8028,
      "selected": true
    },
    {
      "model": "Decision Tree",
      "accuracy": 0.734,
      "roc_auc": 0.794,
      "selected": false
    },
    {
      "model": "Logistic Regression",
      "accuracy": 0.7269,
      "roc_auc": 0.7925,
      "selected": false
    },
    {
      "model": "KNN",
      "accuracy": 0.7152,
      "roc_auc": 0.7685,
      "selected": false
    }
  ]
}